Workbook

Sheet Инструкции
A1: МИС — инструмент за риска (инвентаризация, оценка на риска, план за третиране)
A3: Ред на попълване: 1) Регистър на активите → 2) Регистър на риска → 3) План за третиране.
A5: Цветове:
A6: • Жълтите клетки ги попълваш ти.
A7: • Сивите се изчисляват автоматично — НЕ ги пипай (Риск, Ниво, Приемлив, Остатъчен риск, Първонач. риск в плана).
A8: • Редовете с „◄ ПРИМЕР“ в "Забележка" са образци — изтрий целите редове, преди да качиш в git
A10: Правила, които се проверяват:
A11: • Собственикът на актив е ДЛЪЖНОСТ, не име на човек.
A12: • Въздействието е НАЙ-ВИСОКОТО от четирите измерения (работа, данни, финанси/право, репутация), не средното. Виж лист „Скали“.
A13: • Риск апетитът е ЧИСЛО (лист „Скали“, клетка B1, по подразбиране 9). Можеш да го смениш, но с обосновка за сектора на фирмата.
A14: • Всеки риск сочи конкретен A-ID и има едновременно заплаха И уязвимост. „Хакерска атака“ не е риск.
A15: • Стойностите трябва да имат дистрибуция — ако всичко е 5 или всичко е 1, не е оценявано.
... A22: Минимум за предаване: ≥12 актива, ≥12 оценени риска, план за третиране на всички неприемливи рискове.

Sheet Скали
A1: РИСК АПЕТИТ (число, по подразбиране 9 — сменя се с обосновка): | B1: 9
A2: Всичко с риск НАД тази стойност е неприемливо и влиза в План за третиране.
A4: СКАЛА ЗА ВЕРОЯТНОСТ (1–5, по честота)
A5: 1 Много ниска | B5: по-рядко от веднъж на 10 години, теоретично
A6: 2 Ниска | B6: веднъж на няколко години в сектора
A7: 3 Средна | B7: веднъж на няколко години в подобна организация
A8: 4 Висока | B8: очаква се при текущата защита, поне веднъж годишно
A9: 5 Много висока | B9: вече се случва или опити постоянно
A11: СКАЛА ЗА ВЪЗДЕЙСТВИЕ (1–5) — взима се НАЙ-ВИСОКОТО от 4-те измерения
A12: Ниво | B12: Работа на услугата | C12: Данни | D12: Финанси и право | E12: Репутация
A13: 1 Нищожно | B13: без забележимо прекъсване | C13: без загуба/разкриване | D13: пренебрежими разходи | E13: без отзвук
A14: 2 Малко | B14: прекъсване до половин ден за част | C14: възстановимо от архив | D14: в рамките на бюджета | E14: отделни оплаквания
A15: 3 Средно | B15: до един ден на основна услуга | C15: загуба до RPO/вътрешна инфо | D15: неустойки, извънредни разходи | E15: локална публичност
A16: 4 Голямо | B16: над ден или всички потребители | C16: лични/поверителни данни | D16: надзорен орган, санкции | E16: национална публичност
A17: 5 Критично | B17: спиране, живот и здраве, КИ | C17: масово/невъзстановимо | D17: лиценз, наказателна отг. | E17: трайна загуба на доверие
A19: НИВА НА РИСК (вероятност × въздействие)
A20: Ниво | B20: Стойност | C20: Цвят | D20: Срок за третиране
A21: Нисък | B21: 1–4 | D21: приема се / наблюдава се
A22: Умерен | B22: 5–9 | D22: наблюдава се
A23: Висок | B23: 10–15 | D23: третира се до 90 дни
A24: Критичен | B24: 16–25 | D24: третира се до 30 дни, временна мярка до 7 дни
A26: ВАРИАНТИ ЗА ТРЕТИРАНЕ
A27: Намаляване | B27: контрол, който сваля вероятността или въздействието
A28: Прехвърляне | B28: застраховка или договорна клауза; какво остава непрехвърлено
A29: Избягване | B29: спиране на дейността, която носи риска
A30: Приемане | B30: рискът е под апетита или третирането струва повече от щетата; кой приема, с длъжност и дата

Sheet Регистър на активите
A1: A-ID | B1: Наименование | C1: Тип | D1: Собственик (длъжност) | E1: Оператор | F1: Класификация | G1: Локация | H1: Зависимости | I1: Забележка
A2: A-01 | B2: Reverse Proxy (Nginx, 443) + Firewall | C2: софтуер | D2: Ръководител ИТ | E2: Системен администратор | F2: поверителна | G2: София HQ, 10.170.0.1 / 10.170.0.10 | H2: A-02, A-08 | I2: Единствена входна точка към DC; през него минава целият трафик на агентите (заместител C7)
A3: A-02 | B3: Мрежова инфраструктура и сегментация (LAN-HQ, Бургас, DC) | C3: мрежа | D3: Ръководител ИТ | E3: Системен администратор | F3: вътрешна | G3: София 10.170.0.0/24, Бургас 10.171.0.0/24, В. Търново 10.172.0.0/24 | H3: — | I3: Носи 5-те правила за филтриране от упр. 9
A4: A-03 | B4: Policy Backend (порт 3000) | C4: софтуер | D4: Ръководител ИТ | E4: Системен администратор | F4: строго поверителна | G4: В. Търново DC, 10.172.0.10 | H4: A-01, A-02, A-04, A-05 | I4: Обработва полици и лични данни; достъпен само от Reverse Proxy (заместител C1)
A5: A-04 | B5: База данни с полици, лични и финансови данни (порт 5432) | C5: информация | D5: Директор „Застрахователни продукти“ | E5: Администратор на бази данни | F5: строго поверителна | G5: В. Търново DC, 10.172.0.20 | H5: A-02, A-05, A-11 | I5: Достъп само локално от Backend, не се форуърдва (заместител C2); най-ценният актив
A6: A-05 | B6: Виртуализационна платформа и сървъри на DC | C6: хардуер | D6: Ръководител ИТ | E6: Системен администратор | F6: поверителна | G6: В. Търново DC, 10.172.0.0/24 | H6: A-15 | I6: Хостват A-03 и A-04
A7: A-06 | B7: Агентски терминали (офис Бургас) | C7: хардуер | D7: Ръководител офис Бургас | E7: ИТ поддръжка | F7: вътрешна | G7: Бургас, 10.171.0.0/24 | H7: A-02, A-08 | I7: Само 443 към Reverse Proxy; директен достъп до DC е забранен
A8: A-07 | B8: Уеб-базиран фронтенд за агентите | C8: услуга | D8: Директор „Дигитални продукти“ | E8: Системен администратор | F8: поверителна | G8: чрез Reverse Proxy, София HQ | H8: A-01, A-03, A-08 | I8: Единственият начин агентите да работят с полиците
A9: A-08 | B9: Идентичност и достъп (роли: застрахователен агент, DC администратор) | C9: услуга | D9: Ръководител ИТ | E9: Специалист по информационна сигурност | F9: строго поверителна | G9: София HQ | H9: A-02, A-05 | I9: Реализация на H1 (урок 7)
A10: A-09 | B10: Административен SSH достъп HQ → DC | C10: услуга | D10: Ръководител ИТ | E10: Системен администратор | F10: поверителна | G10: HQ мрежа → В. Търново DC (порт 22) | H10: A-02, A-05, A-08 | I10: Правило 5: HQ мрежата може да SSH-ва до DC за поддръжка
A11: A-10 | B11: Дневници и мониторинг (Reverse Proxy, Backend, DB, SSH) | C11: информация | D11: Специалист по информационна сигурност | E11: Системен администратор | F11: поверителна | G11: София HQ / В. Търново DC | H11: A-01, A-03, A-05 | I11: Обект за наблюдение H4 (уроци 13, 14)
A12: A-11 | B12: Резервни копия на БД и конфигурации | C12: информация | D12: Ръководител ИТ | E12: Администратор на бази данни | F12: строго поверителна | G12: В. Търново DC | H12: A-04, A-05, A-15 | I12: Допускане: съхраняват се в същия DC
... A17: A-16 | B17: Застрахователни агенти (потребители) | C17: хора | D17: Ръководител офис Бургас | E17: — | F17: вътрешна | G17: Бургас | H17: A-06, A-08 | I17: Целта на фишинг и социално инженерство

Sheet Регистър на риска
A1: R-ID | B1: A-ID | C1: Заплаха ( MITTRE ATT&CK техника) | D1: Уязвимост | E1: Сценарий (изречение) | F1: Съществуващи контроли | G1: P | H1: I | I1: Риск | J1: Ниво | K1: Приемлив | L1: Третиране | M1: Отговорник (длъжност) | N1: Срок | O1: Час | P1: Остат. P | Q1: Остат. I | R1: Остат. риск | S1: Доказателство
A2: R-01 | B2: A-06 (агентски терминали) | C2: Външен нападател (фишинг кампания): T1566 (Phishing) → T1204 (User Execution) → T1078 (Valid Accounts). ATT&CK: T1566 се използва от 98 APT групи (напр. APT28, APT29, Sandworm Team, FIN7) → P=5 | D2: Агентите нямат обучение за фишинг, терминалите нямат EDR/филтриране на поща, а влизането е само с парола | E2: Фишинг имейл към агент в Бургас води до изпълнение на зловреден файл и кражба на агентски акаунт, с който нападателят чете полици и лични данни на клиентите. | F2: Филтриране по упр. 9 (само 443 към Reverse Proxy); стандартен антивирус | G2: 5 | H2: 3 | I2: =IF(OR(G2="",H2=""),"",G2*H2) -> 15 | J2: =IF(I2="","",IF(I2<=4,"нисък",IF(I2<=9,"умерен",IF(I2<=15,"висок","критичен")))) -> висок | K2: =IF(I2="","",IF(I2<=Скали!$B$1,"да","не")) -> не | L2: намаляване | M2: Ръководител ИТ | P2: 3 | Q2: 3 | R2: =IF(OR(P2="",Q2=""),"",P2*Q2) -> 9 | S2: Обосновка: лист „ATT&CK обосновка“, T1566; въздействие: L1 – краен потребител; ролята ограничава данните до портфолиото на агента
A3: R-02 | B3: A-08 (идентичност и достъп) | C3: Външен нападател (откраднати или налучкани пароли): T1078 (Valid Accounts). ATT&CK: T1078 се използва от 66 APT групи (напр. APT28, APT29, Sandworm Team, FIN7) → P=5 | D3: Агентските и администраторските акаунти се удостоверяват само с парола, без втори фактор и без заключване при многократни грешки | E3: Нападател влиза с валиден откраднат или повторно използван агентски/админ акаунт през Reverse Proxy и работи като легитимен потребител, без да бъде засечен. | F3: Сложност на паролата; роли „застрахователен агент“ и „DC администратор“ (H1) | G3: 5 | H3: 4 | I3: =IF(OR(G3="",H3=""),"",G3*H3) -> 20 | J3: =IF(I3="","",IF(I3<=4,"нисък",IF(I3<=9,"умерен",IF(I3<=15,"висок","критичен")))) -> критичен | K3: =IF(I3="","",IF(I3<=Скали!$B$1,"да","не")) -> не | L3: намаляване | M3: Ръководител ИТ | P3: 2 | Q3: 4 | R3: =IF(OR(P3="",Q3=""),"",P3*Q3) -> 8
A4: R-03 | B4: A-01 (Reverse Proxy) | C4: Външен нападател (сканиране за уязвими публични приложения): T1190 (Exploit Public-Facing Application). ATT&CK: T1190 се използва от 46 APT групи (напр. APT28, APT29, Sandworm Team, FIN7) → P=4 | D4: Reverse Proxy е публично достъпен и няма WAF, а обновяванията на Nginx не са с гарантиран срок | E4: Нападател експлоатира уязвимост в Nginx или в конфигурацията му, поема Reverse Proxy и подслушва или променя трафика с лични данни, като плацдарм към DC. | F4: Firewall на същия хост; отворен е само порт 443 (упр. 9) | G4: 4 | H4: 4 | I4: =IF(OR(G4="",H4=""),"",G4*H4) -> 16 | J4: =IF(I4="","",IF(I4<=4,"нисък",IF(I4<=9,"умерен",IF(I4<=15,"висок","критичен")))) -> критичен | K4: =IF(I4="","",IF(I4<=Скали!$B$1,"да","не")) -> не | L4: намаляване | M4: Ръководител ИТ | P4: 2 | Q4: 4 | R4: =IF(OR(P4="",Q4=""),"",P4*Q4) -> 8
A5: R-04 | B5: A-03 (Policy Backend) | C5: Външен нападател (след пробив през приложението): T1190 (Exploit Public-Facing Application) → T1505 (Server Software Component) → T1059 (Command and Scripting Interpreter). ATT&CK: T1505 се използва от 32 APT групи (напр. APT28, APT29, Sandworm Team, Volt Typhoon) → P=3 | D5: Backend работи с права за запис върху директорията на приложението и няма проверка за цялост на файловете | E5: Нападател качва уеб шел в Policy Backend, получава постоянен достъп до сървъра в DC и изпълнява команди, чрез които чете всички полици. | F5: Backend е достъпен само от Reverse Proxy (упр. 9) | G5: 3 | H5: 4 | I5: =IF(OR(G5="",H5=""),"",G5*H5) -> 12 | J5: =IF(I5="","",IF(I5<=4,"нисък",IF(I5<=9,"умерен",IF(I5<=15,"висок","критичен")))) -> висок | K5: =IF(I5="","",IF(I5<=Скали!$B$1,"да","не")) -> не | L5: намаляване | M5: Ръководител ИТ | P5: 2 | Q5: 4 | R5: =IF(OR(P5="",Q5=""),"",P5*Q5) -> 8 | S5: Обосновка: лист „ATT&CK обосновка“, T1505; въздействие: L3 – вътрешността на DC, един хоп до базата данни
A6: R-05 | B6: A-04 (БД с лични данни) | C6: Външен нападател или злонамерен вътрешен: T1213 (Data from Information Repositories). ATT&CK: T1213 се използва от 15 APT групи (напр. APT28, Sandworm Team, Scattered Spider, FIN6) → P=2 | D6: Акаунтът на Backend към базата има права за четене на всички таблици без ограничение и данните са в явен вид | E6: Нападател с достъп до Backend изпълнява заявки към базата и извлича полици, имена, ЕГН и банкови данни на клиентите, защото акаунтът няма ограничения, а данните не са криптирани. | F6: Базата е достъпна само локално от Backend (упр. 9) | G6: 2 | H6: 5 | I6: =IF(OR(G6="",H6=""),"",G6*H6) -> 10 | J6: =IF(I6="","",IF(I6<=4,"нисък",IF(I6<=9,"умерен",IF(I6<=15,"висок","критичен")))) -> висок | K6: =IF(I6="","",IF(I6<=Скали!$B$1,"да","не")) -> не | L6: намаляване | M6: Директор „Застрахователни продукти“ | P6: 2 | Q6: 4 | R6: =IF(OR(P6="",Q6=""),"",P6*Q6) -> 8 | S6: Обосновка: лист „ATT&CK обосновка“, T1213; въздействие: L4 – най-вътрешният слой; масово разкриване на лични и финансови данни
A7: R-06 | B7: A-04 (БД с лични данни) | C7: Външен нападател (изнасяне след компрометиране): T1041 (Exfiltration Over C2 Channel). ATT&CK: T1041 се използва от 27 APT групи (напр. Sandworm Team, Lazarus Group, Scattered Spider, Wizard Spider) → P=3 | D7: От DC няма ограничение на изходящия трафик и няма наблюдение на обема на изходящите данни | E7: След пробив в DC нападател изнася архив с данни на клиентите през C2 канал към интернет, защото сървърите в DC могат свободно да се свързват навън. | F7: Правило 3: DB не форуърдва порт 5432 (само локално) | G7: 3 | H7: 5 | I7: =IF(OR(G7="",H7=""),"",G7*H7) -> 15 | J7: =IF(I7="","",IF(I7<=4,"нисък",IF(I7<=9,"умерен",IF(I7<=15,"висок","критичен")))) -> висок | K7: =IF(I7="","",IF(I7<=Скали!$B$1,"да","не")) -> не | L7: намаляване | M7: Ръководител ИТ | P7: 2 | Q7: 4 | R7: =IF(OR(P7="",Q7=""),"",P7*Q7) -> 8 | S7: Обосновка: лист „ATT&CK обосновка“, T1041; въздействие: L4 – данните напускат организацията; нотификация към надзорен орган и КЗЛД
A8: R-07 | B8: A-09 (SSH HQ→DC) | C8: Външен нападател, преминал през HQ мрежата: T1021 (Remote Services). ATT&CK: T1021 се използва от 62 APT групи (напр. APT28, APT29, Sandworm Team, FIN7) → P=5 | D8: SSH от цялата HQ мрежа към DC е разрешен, с парола и общ акаунт, без ограничение на източник и без регистрация на сесиите | E8: Нападател, получил достъп до машина в HQ мрежата, използва разрешения SSH към DC (правило 5), налучква или използва откраднати данни и придобива админ достъп до сървърите в DC. | F8: Правило 5 позволява SSH само от HQ мрежата; дневник на връзките | G8: 5 | H8: 4 | I8: =IF(OR(G8="",H8=""),"",G8*H8) -> 20 | J8: =IF(I8="","",IF(I8<=4,"нисък",IF(I8<=9,"умерен",IF(I8<=15,"висок","критичен")))) -> критичен | K8: =IF(I8="","",IF(I8<=Скали!$B$1,"да","не")) -> не | L8: намаляване | M8: Ръководител ИТ | P8: 2 | Q8: 4 | R8: =IF(OR(P8="",Q8=""),"",P8*Q8) -> 8
A9: R-08 | B9: A-10 (дневници и мониторинг) | C9: Нападател след компрометиране (заличаване на следи): T1070 (Indicator Removal). ATT&CK: T1070 се използва от 49 APT групи (напр. APT28, APT29, Sandworm Team, Lazarus Group) → P=4 | D9: Дневниците стоят локално на хостовете, на които администраторът има запис, и няма аларма при изтриване | E9: Нападател с админ права изтрива дневниците на Reverse Proxy и Backend и пречи на разследването и на уведомяването в срок. | F9: Локални дневници на връзките | G9: 4 | H9: 3 | I9: =IF(OR(G9="",H9=""),"",G9*H9) -> 12 | J9: =IF(I9="","",IF(I9<=4,"нисък",IF(I9<=9,"умерен",IF(I9<=15,"висок","критичен")))) -> висок | K9: =IF(I9="","",IF(I9<=Скали!$B$1,"да","не")) -> не | L9: намаляване | M9: Специалист по информационна сигурност | P9: 2 | Q9: 3 | R9: =IF(OR(P9="",Q9=""),"",P9*Q9) -> 6
A10: R-09 | B10: A-11 (резервни копия) | C10: Ransomware група: T1486 (Data Encrypted for Impact) → T1490 (Inhibit System Recovery). ATT&CK: T1486 се използва от 19 APT групи (напр. Sandworm Team, FIN7, Scattered Spider, FIN8) → P=2 | D10: Резервните копия са в същия DC и са достъпни с админ акаунта, а възстановяването не е тествано | E10: Ransomware шифрова базата и изтрива резервните копия в същия DC, след което полиците не могат да бъдат възстановени и агентите спират да работят дни наред. | F10: Ежедневно копие в същия DC (допускане) | G10: 2 | H10: 5 | I10: =IF(OR(G10="",H10=""),"",G10*H10) -> 10 | J10: =IF(I10="","",IF(I10<=4,"нисък",IF(I10<=9,"умерен",IF(I10<=15,"висок","критичен")))) -> висок | K10: =IF(I10="","",IF(I10<=Скали!$B$1,"да","не")) -> не | L10: намаляване | M10: Ръководител ИТ | P10: 2 | Q10: 3 | R10: =IF(OR(P10="",Q10=""),"",P10*Q10) -> 6 | S10: Обосновка: лист „ATT&CK обосновка“, T1486; въздействие: L4 – засяга и данните, и копията им; невъзстановимо
A11: R-10 | B11: A-14 (системен администратор) | C11: Външен нападател или злонамерен вътрешен: T1552 (Unsecured Credentials) → T1078 (Valid Accounts). ATT&CK: T1552 се използва от 23 APT групи (напр. Scattered Spider, Wizard Spider, Volt Typhoon, ShinyHunters) → P=3 | D11: Администраторът пази SSH ключове и пароли в лични файлове, няма отделен акаунт за админ задачи, а знанието не е документирано | E11: Нападател взема ключове и пароли от работната станция на администратора, влиза с тях във всички системи, а липсата на заместник забавя реакцията. | F11: Няма | G11: 3 | H11: 5 | I11: =IF(OR(G11="",H11=""),"",G11*H11) -> 15 | J11: =IF(I11="","",IF(I11<=4,"нисък",IF(I11<=9,"умерен",IF(I11<=15,"висок","критичен")))) -> висок | K11: =IF(I11="","",IF(I11<=Скали!$B$1,"да","не")) -> не | L11: намаляване | M11: Ръководител ИТ | P11: 2 | Q11: 4 | R11: =IF(OR(P11="",Q11=""),"",P11*Q11) -> 8 | S11: Обосновка: лист „ATT&CK обосновка“, T1552; въздействие: L4 – привилегированите акаунти отварят всички слоеве
A12: R-11 | B12: A-05 (сървъри на DC) | C12: Нападател с достъп до Backend: T1068 (Exploitation for Privilege Escalation). ATT&CK: T1068 се използва от 22 APT групи (напр. APT28, APT29, Scattered Spider, FIN6) → P=3 | D12: Сървърите на DC се обновяват нередовно, а Backend работи с повишени права | E12: От компрометиран Backend нападател експлоатира уязвимост в ядрото или хипервайзора и получава контрол над хоста и над виртуалната машина с базата. | F12: Ръчно обновяване при възможност | G12: 3 | H12: 4 | I12: =IF(OR(G12="",H12=""),"",G12*H12) -> 12 | J12: =IF(I12="","",IF(I12<=4,"нисък",IF(I12<=9,"умерен",IF(I12<=15,"висок","критичен")))) -> висок | K12: =IF(I12="","",IF(I12<=Скали!$B$1,"да","не")) -> не | L12: намаляване | M12: Ръководител ИТ | P12: 2 | Q12: 4 | R12: =IF(OR(P12="",Q12=""),"",P12*Q12) -> 8 | S12: Обосновка: лист „ATT&CK обосновка“, T1068; въздействие: L3 – контрол над хоста на DC
A13: R-12 | B13: A-02 (мрежа и сегментация) | C13: Нападател във вътрешната мрежа: T1557 (Adversary-in-the-Middle). ATT&CK: T1557 се използва от 8 APT групи (напр. APT28, Lazarus Group, Wizard Spider) → P=2 | D13: Трафикът Reverse Proxy → Backend (3000) между София и В. Търново минава без TLS | E13: Нападател във вътрешната мрежа прихваща нешифрования трафик между Reverse Proxy и Backend и чете или променя данни за полици. | F13: Връзката е между доверени сегменти, филтрирана по правило 2 | G13: 2 | H13: 4 | I13: =IF(OR(G13="",H13=""),"",G13*H13) -> 8 | J13: =IF(I13="","",IF(I13<=4,"нисък",IF(I13<=9,"умерен",IF(I13<=15,"висок","критичен")))) -> умерен | K13: =IF(I13="","",IF(I13<=Скали!$B$1,"да","не")) -> да | L13: намаляване | M13: Ръководител ИТ | P13: 1 | Q13: 4 | R13: =IF(OR(P13="",Q13=""),"",P13*Q13) -> 4 | S13: Обосновка: лист „ATT&CK обосновка“, T1557; въздействие: L3 – трафик към DC; лични данни (Данни 4)
A14: R-13 | B14: A-13 (електронна поща) | C14: Нападател с откраднат пощенски акаунт: T1114 (Email Collection). ATT&CK: T1114 се използва от 22 APT групи (напр. APT28, APT29, Scattered Spider, HAFNIUM) → P=3 | D14: Пощенската услуга е при един облачен доставчик, а акаунтите нямат задължителен MFA | E14: Нападател чете пощата на служител и придобива вътрешна информация; личните данни на клиентите не се изпращат по имейл (политика), затова щетата е ограничена. | F14: SLA и вградена защита на доставчика; политика без лични данни по имейл | G14: 3 | H14: 3 | I14: =IF(OR(G14="",H14=""),"",G14*H14) -> 9 | J14: =IF(I14="","",IF(I14<=4,"нисък",IF(I14<=9,"умерен",IF(I14<=15,"висок","критичен")))) -> умерен | K14: =IF(I14="","",IF(I14<=Скали!$B$1,"да","не")) -> да | L14: приемане | M14: Ръководител ИТ | P14: 3 | Q14: 3 | R14: =IF(OR(P14="",Q14=""),"",P14*Q14) -> 9 | S14: Обосновка: лист „ATT&CK обосновка“, T1114; въздействие: L1 – периферен канал, без данни от DC
A15: R-14 | B15: A-12 (AI асистент) | C15: Външен нападател (злоупотреба с публичния AI интерфейс): T1190 (Exploit Public-Facing Application). ATT&CK: T1190 се използва от 46 APT групи (напр. APT28, APT29, Sandworm Team, FIN7) → P=4 | D15: Интерфейсът на AI асистента няма ограничение на заявките и няма филтър на отговорите | E15: Нападател изпраща масови и изкривени заявки към AI асистента и изважда вътрешни тарифи и правила за оценка на риска; асистентът няма достъп до DC, затова личните данни не са засегнати. | F15: Асистентът няма достъп до DC (сценарий H5) | G15: 4 | H15: 3 | I15: =IF(OR(G15="",H15=""),"",G15*H15) -> 12 | J15: =IF(I15="","",IF(I15<=4,"нисък",IF(I15<=9,"умерен",IF(I15<=15,"висок","критичен")))) -> висок | K15: =IF(I15="","",IF(I15<=Скали!$B$1,"да","не")) -> не | L15: намаляване | M15: Директор „Дигитални продукти“ | P15: 2 | Q15: 3 | R15: =IF(OR(P15="",Q15=""),"",P15*Q15) -> 6 | S15: Обосновка: лист „ATT&CK обосновка“, T1190; въздействие: L1 – изолиран от DC; вътрешна информация (Данни 3)
A16: R-15 | B16: A-01 (Reverse Proxy) | C16: Външен нападател (мрежов DoS): T1498 (Network Denial of Service). ATT&CK: T1498 се използва от 1 APT групи (напр. APT28) → P=1 | D16: Reverse Proxy няма облачна DDoS защита, но има ограничение на връзките на Nginx | E16: Мрежов DoS претоварва Reverse Proxy за няколко часа, агентите не могат да работят временно, а данните не са засегнати. | F16: Ограничение на връзките в Nginx и Firewall | G16: 1 | H16: 3 | I16: =IF(OR(G16="",H16=""),"",G16*H16) -> 3 | J16: =IF(I16="","",IF(I16<=4,"нисък",IF(I16<=9,"умерен",IF(I16<=15,"висок","критичен")))) -> нисък | K16: =IF(I16="","",IF(I16<=Скали!$B$1,"да","не")) -> да | L16: приемане | M16: Ръководител ИТ | P16: 1 | Q16: 3 | R16: =IF(OR(P16="",Q16=""),"",P16*Q16) -> 3 | S16: Обосновка: лист „ATT&CK обосновка“, T1498; въздействие: L2 – засяга достъпността, не поверителността
I17: =IF(OR(G17="",H17=""),"",G17*H17) | J17: =IF(I17="","",IF(I17<=4,"нисък",IF(I17<=9,"умерен",IF(I17<=15,"висок","критичен")))) | K17: =IF(I17="","",IF(I17<=Скали!$B$1,"да","не")) | R17: =IF(OR(P17="",Q17=""),"",P17*Q17)
I18: =IF(OR(G18="",H18=""),"",G18*H18) | J18: =IF(I18="","",IF(I18<=4,"нисък",IF(I18<=9,"умерен",IF(I18<=15,"висок","критичен")))) | K18: =IF(I18="","",IF(I18<=Скали!$B$1,"да","не")) | R18: =IF(OR(P18="",Q18=""),"",P18*Q18)
I19: =IF(OR(G19="",H19=""),"",G19*H19) | J19: =IF(I19="","",IF(I19<=4,"нисък",IF(I19<=9,"умерен",IF(I19<=15,"висок","критичен")))) | K19: =IF(I19="","",IF(I19<=Скали!$B$1,"да","не")) | R19: =IF(OR(P19="",Q19=""),"",P19*Q19)
I20: =IF(OR(G20="",H20=""),"",G20*H20) | J20: =IF(I20="","",IF(I20<=4,"нисък",IF(I20<=9,"умерен",IF(I20<=15,"висок","критичен")))) | K20: =IF(I20="","",IF(I20<=Скали!$B$1,"да","не")) | R20: =IF(OR(P20="",Q20=""),"",P20*Q20)
I21: =IF(OR(G21="",H21=""),"",G21*H21) | J21: =IF(I21="","",IF(I21<=4,"нисък",IF(I21<=9,"умерен",IF(I21<=15,"висок","критичен")))) | K21: =IF(I21="","",IF(I21<=Скали!$B$1,"да","не")) | R21: =IF(OR(P21="",Q21=""),"",P21*Q21)
I22: =IF(OR(G22="",H22=""),"",G22*H22) | J22: =IF(I22="","",IF(I22<=4,"нисък",IF(I22<=9,"умерен",IF(I22<=15,"висок","критичен")))) | K22: =IF(I22="","",IF(I22<=Скали!$B$1,"да","не")) | R22: =IF(OR(P22="",Q22=""),"",P22*Q22)
I23: =IF(OR(G23="",H23=""),"",G23*H23) | J23: =IF(I23="","",IF(I23<=4,"нисък",IF(I23<=9,"умерен",IF(I23<=15,"висок","критичен")))) | K23: =IF(I23="","",IF(I23<=Скали!$B$1,"да","не")) | R23: =IF(OR(P23="",Q23=""),"",P23*Q23)
I24: =IF(OR(G24="",H24=""),"",G24*H24) | J24: =IF(I24="","",IF(I24<=4,"нисък",IF(I24<=9,"умерен",IF(I24<=15,"висок","критичен")))) | K24: =IF(I24="","",IF(I24<=Скали!$B$1,"да","не")) | R24: =IF(OR(P24="",Q24=""),"",P24*Q24)
I25: =IF(OR(G25="",H25=""),"",G25*H25) | J25: =IF(I25="","",IF(I25<=4,"нисък",IF(I25<=9,"умерен",IF(I25<=15,"висок","критичен")))) | K25: =IF(I25="","",IF(I25<=Скали!$B$1,"да","не")) | R25: =IF(OR(P25="",Q25=""),"",P25*Q25)
I26: =IF(OR(G26="",H26=""),"",G26*H26) | J26: =IF(I26="","",IF(I26<=4,"нисък",IF(I26<=9,"умерен",IF(I26<=15,"висок","критичен")))) | K26: =IF(I26="","",IF(I26<=Скали!$B$1,"да","не")) | R26: =IF(OR(P26="",Q26=""),"",P26*Q26)
I27: =IF(OR(G27="",H27=""),"",G27*H27) | J27: =IF(I27="","",IF(I27<=4,"нисък",IF(I27<=9,"умерен",IF(I27<=15,"висок","критичен")))) | K27: =IF(I27="","",IF(I27<=Скали!$B$1,"да","не")) | R27: =IF(OR(P27="",Q27=""),"",P27*Q27)
I28: =IF(OR(G28="",H28=""),"",G28*H28) | J28: =IF(I28="","",IF(I28<=4,"нисък",IF(I28<=9,"умерен",IF(I28<=15,"висок","критичен")))) | K28: =IF(I28="","",IF(I28<=Скали!$B$1,"да","не")) | R28: =IF(OR(P28="",Q28=""),"",P28*Q28)
... I210: =IF(OR(G210="",H210=""),"",G210*H210) | J210: =IF(I210="","",IF(I210<=4,"нисък",IF(I210<=9,"умерен",IF(I210<=15,"висок","критичен")))) | K210: =IF(I210="","",IF(I210<=Скали!$B$1,"да","не")) | R210: =IF(OR(P210="",Q210=""),"",P210*Q210)

Sheet План за третиране
A1: R-ID | B1: A-ID (актив) | C1: Кратко описание на риска | D1: Първонач. риск | E1: Вариант за третиране | F1: Планиран контрол | G1: Annex A код | H1: Отговорник (длъжност) | I1: Срок | J1: Час от курса | K1: Статус | L1: Остат. В | M1: Остат. Въ | N1: Остат. риск | O1: Доказателство / артефакт
A2: R-01 | B2: A-06 | C2: Компрометиране на агентски акаунт чрез фишинг | D2: =IFERROR(INDEX('Регистър на риска'!$I:$I,MATCH(A2,'Регистър на риска'!$A:$A,0)),"") -> 15 | E2: намаляване | F2: M1017 Обучение + симулирани фишинг кампании (на тримесечие); M1049 EDR/антивирус на терминалите; M1054 SPF/DKIM/DMARC и блокиране на макроси/изпълними прикачени файлове; M1032 MFA за агентите (виж R-02) | G2: A.6.3, A.8.7, A.8.23, A.5.17 | H2: Ръководител ИТ | K2: планиран | L2: 3 | M2: 3 | N2: =IF(OR(L2="",M2=""),"",L2*M2) -> 9
A3: R-02 | B3: A-08 | C3: Влизане с откраднати валидни акаунти (агенти и администратори) | D3: =IFERROR(INDEX('Регистър на риска'!$I:$I,MATCH(A3,'Регистър на риска'!$A:$A,0)),"") -> 20 | E3: намаляване | F3: M1032 MFA (TOTP/WebAuthn) за всички роли, първо за DC администраторите; M1027 парола ≥14 знака и проверка за изтекли пароли; M1036 заключване след 5 грешки и известие за необичаен вход; M1018 преглед на акаунтите на тримесечие, спиране на неактивни | G3: A.5.15, A.5.16, A.5.17, A.8.5 | H3: Ръководител ИТ | K3: планиран | L3: 2 | M3: 4 | N3: =IF(OR(L3="",M3=""),"",L3*M3) -> 8
A4: R-03 | B4: A-01 | C4: Експлоатация на публично достъпния Reverse Proxy | D4: =IFERROR(INDEX('Регистър на риска'!$I:$I,MATCH(A4,'Регистър на риска'!$A:$A,0)),"") -> 16 | E4: намаляване | F4: M1051 обновяване на Nginx и ОС (критични — до 14 дни); M1050 WAF (ModSecurity + OWASP CRS); M1016 седмично сканиране за уязвимости; M1035 разрешени източници за админ интерфейса; M1048 Nginx без root права | G4: A.8.8, A.8.9, A.8.20, A.8.22 | H4: Ръководител ИТ | K4: планиран | L4: 2 | M4: 4 | N4: =IF(OR(L4="",M4=""),"",L4*M4) -> 8
A5: R-04 | B5: A-03 | C5: Уеб шел и изпълнение на команди в Policy Backend | D5: =IFERROR(INDEX('Регистър на риска'!$I:$I,MATCH(A5,'Регистър на риска'!$A:$A,0)),"") -> 12 | E5: намаляване | F5: M1047 мониторинг за цялост на файловете (AIDE/auditd); M1038 Backend като контейнер с read-only файлова система; M1026 услугата е със собствен непривилегирован акаунт; M1042 изключване на ненужни модули | G5: A.8.9, A.8.19, A.8.28, A.8.2 | H5: Ръководител ИТ | K5: планиран | L5: 2 | M5: 4 | N5: =IF(OR(L5="",M5=""),"",L5*M5) -> 8
A6: R-05 | B6: A-04 | C6: Масово четене на лични и финансови данни от БД | D6: =IFERROR(INDEX('Регистър на риска'!$I:$I,MATCH(A6,'Регистър на риска'!$A:$A,0)),"") -> 10 | E6: намаляване | F6: M1018 минимални права на DB акаунтите (без SELECT *, без export); M1041 криптиране на ЕГН/IBAN на ниво колона; M1047 pgaudit и аларма за заявки с голям обем; M1022 права върху файловете на БД | G6: A.8.3, A.8.24, A.8.11, A.5.34 | H6: Директор „Застрахователни продукти“ | K6: планиран | L6: 2 | M6: 4 | N6: =IF(OR(L6="",M6=""),"",L6*M6) -> 8
A7: R-06 | B7: A-04 | C7: Изнасяне на данни от DC през C2 канал | D7: =IFERROR(INDEX('Регистър на риска'!$I:$I,MATCH(A7,'Регистър на риска'!$A:$A,0)),"") -> 15 | E7: намаляване | F7: M1037 изходящ трафик от DC по подразбиране забранен (nftables), само списък с разрешени адреса за обновявания; M1031 откриване на C2 (Suricata); M1057 праг и аларма за голям изходящ обем. Остатъчното въздействие 4 зависи от шифроването по R-05. | G7: A.8.12, A.8.16, A.8.20, A.8.22 | H7: Ръководител ИТ | K7: планиран | L7: 2 | M7: 4 | N7: =IF(OR(L7="",M7=""),"",L7*M7) -> 8
A8: R-07 | B8: A-09 | C8: Неоторизиран SSH достъп от HQ към DC | D8: =IFERROR(INDEX('Регистър на риска'!$I:$I,MATCH(A8,'Регистър на риска'!$A:$A,0)),"") -> 20 | E8: намаляване | F8: M1035 SSH само от един jump host (nftables allowlist вместо цялата HQ мрежа); M1032 MFA или SSH сертификати; M1042 изключване на парола и root вход; M1026 именувани админ акаунти със sudo журнал | G8: A.8.5, A.8.2, A.8.20, A.5.18 | H8: Ръководител ИТ | K8: планиран | L8: 2 | M8: 4 | N8: =IF(OR(L8="",M8=""),"",L8*M8) -> 8
A9: R-08 | B9: A-10 | C9: Заличаване на дневници след компрометиране | D9: =IFERROR(INDEX('Регистър на риска'!$I:$I,MATCH(A9,'Регистър на риска'!$A:$A,0)),"") -> 12 | E9: намаляване | F9: M1029 изпращане на дневниците към отделен логсървър само за добавяне; M1022 append-only права; M1047 аларма при изтриване или спиране на логването; съхранение 12 месеца и синхронизация на времето | G9: A.8.15, A.8.16, A.8.17 | H9: Специалист по информационна сигурност | K9: планиран | L9: 2 | M9: 3 | N9: =IF(OR(L9="",M9=""),"",L9*M9) -> 6
A10: R-09 | B10: A-11 | C10: Ransomware с унищожаване на резервни копия | D10: =IFERROR(INDEX('Регистър на риска'!$I:$I,MATCH(A10,'Регистър на риска'!$A:$A,0)),"") -> 10 | E10: намаляване | F10: M1053 правило 3-2-1: неизменяемо или офлайн копие извън DC (в София); M1018 отделни креденшъли за архива; M1038 забрана на непознати изпълними файлове на сървърите; тримесечен тест за възстановяване (RPO/RTO) | G10: A.8.13, A.8.14, A.5.30 | H10: Ръководител ИТ | K10: планиран | L10: 2 | M10: 3 | N10: =IF(OR(L10="",M10=""),"",L10*M10) -> 6
A11: R-10 | B11: A-14 | C11: Кражба на админ креденшъли от лични файлове | D11: =IFERROR(INDEX('Регистър на риска'!$I:$I,MATCH(A11,'Регистър на риска'!$A:$A,0)),"") -> 15 | E11: намаляване | F11: M1026 трезор за тайни (Vault/KeePass на екип) и отделен акаунт за админ задачи; M1027 ротация на ключове; M1047 сканиране за тайни; M1017 обучение; втори обучен администратор и runbook | G11: A.5.17, A.8.2, A.6.3 | H11: Ръководител ИТ | K11: планиран | L11: 2 | M11: 4 | N11: =IF(OR(L11="",M11=""),"",L11*M11) -> 8
A12: R-11 | B12: A-05 | C12: Повишаване на права на хостовете на DC | D12: =IFERROR(INDEX('Регистър на риска'!$I:$I,MATCH(A12,'Регистър на риска'!$A:$A,0)),"") -> 12 | E12: намаляване | F12: M1051 график за обновяване (критични до 14 дни); M1048 Backend в непривилегирован контейнер със seccomp; M1038 забрана на изпълнение от временните директории; M1019 абонамент за CVE известия | G12: A.8.8, A.8.9, A.8.22 | H12: Ръководител ИТ | K12: планиран | L12: 2 | M12: 4 | N12: =IF(OR(L12="",M12=""),"",L12*M12) -> 8
A13: R-12 | B13: A-02 | C13: Прихващане на нешифриран трафик между Proxy и Backend | D13: =IFERROR(INDEX('Регистър на риска'!$I:$I,MATCH(A13,'Регистър на риска'!$A:$A,0)),"") -> 8 | E13: намаляване | F13: Рискът е под апетита, но мярката е евтина: M1041 mTLS между Reverse Proxy и Backend; M1030 запазване на сегментацията; M1031 откриване на ARP/DNS подмяна | G13: A.8.24, A.8.20, A.5.14 | H13: Ръководител ИТ | K13: планиран | L13: 1 | M13: 4 | N13: =IF(OR(L13="",M13=""),"",L13*M13) -> 4
... A16: R-15 | B16: A-01 | C16: Мрежов DoS срещу Reverse Proxy | D16: =IFERROR(INDEX('Регистър на риска'!$I:$I,MATCH(A16,'Регистър на риска'!$A:$A,0)),"") -> 3 | E16: приемане | F16: — (приема се; в ATT&CK само 1 група използва T1498; наблюдава се от H4) | G16: — | H16: Ръководител ИТ | K16: приет | L16: 1 | M16: 3 | N16: =IF(OR(L16="",M16=""),"",L16*M16) -> 3
D17: =IFERROR(INDEX('Регистър на риска'!$I:$I,MATCH(A17,'Регистър на риска'!$A:$A,0)),"") | N17: =IF(OR(L17="",M17=""),"",L17*M17)
D18: =IFERROR(INDEX('Регистър на риска'!$I:$I,MATCH(A18,'Регистър на риска'!$A:$A,0)),"") | N18: =IF(OR(L18="",M18=""),"",L18*M18)
D19: =IFERROR(INDEX('Регистър на риска'!$I:$I,MATCH(A19,'Регистър на риска'!$A:$A,0)),"") | N19: =IF(OR(L19="",M19=""),"",L19*M19)
D20: =IFERROR(INDEX('Регистър на риска'!$I:$I,MATCH(A20,'Регистър на риска'!$A:$A,0)),"") | N20: =IF(OR(L20="",M20=""),"",L20*M20)
D21: =IFERROR(INDEX('Регистър на риска'!$I:$I,MATCH(A21,'Регистър на риска'!$A:$A,0)),"") | N21: =IF(OR(L21="",M21=""),"",L21*M21)
D22: =IFERROR(INDEX('Регистър на риска'!$I:$I,MATCH(A22,'Регистър на риска'!$A:$A,0)),"") | N22: =IF(OR(L22="",M22=""),"",L22*M22)
D23: =IFERROR(INDEX('Регистър на риска'!$I:$I,MATCH(A23,'Регистър на риска'!$A:$A,0)),"") | N23: =IF(OR(L23="",M23=""),"",L23*M23)
D24: =IFERROR(INDEX('Регистър на риска'!$I:$I,MATCH(A24,'Регистър на риска'!$A:$A,0)),"") | N24: =IF(OR(L24="",M24=""),"",L24*M24)
D25: =IFERROR(INDEX('Регистър на риска'!$I:$I,MATCH(A25,'Регистър на риска'!$A:$A,0)),"") | N25: =IF(OR(L25="",M25=""),"",L25*M25)
D26: =IFERROR(INDEX('Регистър на риска'!$I:$I,MATCH(A26,'Регистър на риска'!$A:$A,0)),"") | N26: =IF(OR(L26="",M26=""),"",L26*M26)
D27: =IFERROR(INDEX('Регистър на риска'!$I:$I,MATCH(A27,'Регистър на риска'!$A:$A,0)),"") | N27: =IF(OR(L27="",M27=""),"",L27*M27)
D28: =IFERROR(INDEX('Регистър на риска'!$I:$I,MATCH(A28,'Регистър на риска'!$A:$A,0)),"") | N28: =IF(OR(L28="",M28=""),"",L28*M28)
... D210: =IFERROR(INDEX('Регистър на риска'!$I:$I,MATCH(A210,'Регистър на риска'!$A:$A,0)),"") | N210: =IF(OR(L210="",M210=""),"",L210*M210)

Sheet ATT&CK обосновка
A1: Техника | B1: Име | C1: Тактика | D1: APT групи (брой) | E1: Примери за групи | F1: Вероятност P | G1: Риск(ове) | H1: ATT&CK Mitigations (най-често свързани)
A2: T1566 | B2: Phishing | C2: initial-access | D2: 98 | E2: APT28, APT29, Sandworm Team, FIN7 | F2: 5 | G2: R-01 | H2: M1031 Network Intrusion Prevention; M1021 Restrict Web-Based Content; M1017 User Training; M1018 User Account Management; M1049 Antivirus/Antimalware; M1054 Software Configuration
A3: T1078 | B3: Valid Accounts | C3: stealth, persistence, privilege-escalation, initial-access | D3: 66 | E3: APT28, APT29, Sandworm Team, FIN7 | F3: 5 | G3: R-02 | H3: M1013 Application Developer Guidance; M1017 User Training; M1027 Password Policies; M1018 User Account Management; M1026 Privileged Account Management; M1032 Multi-factor Authentication
A4: T1021 | B4: Remote Services | C4: lateral-movement | D4: 62 | E4: APT28, APT29, Sandworm Team, FIN7 | F4: 5 | G4: R-07 | H4: M1035 Limit Access to Resource Over Network; M1037 Filter Network Traffic; M1033 Limit Software Installation; M1028 Operating System Configuration; M1030 Network Segmentation; M1027 Password Policies
A5: T1070 | B5: Indicator Removal | C5: stealth | D5: 49 | E5: APT28, APT29, Sandworm Team, Lazarus Group | F5: 4 | G5: R-08 | H5: M1029 Remote Data Storage; M1039 Environment Variable Permissions; M1022 Restrict File and Directory Permissions; M1024 Restrict Registry Permissions; M1047 Audit; M1041 Encrypt Sensitive Information
A6: T1190 | B6: Exploit Public-Facing Application | C6: initial-access | D6: 46 | E6: APT28, APT29, Sandworm Team, FIN7 | F6: 4 | G6: R-03, R-14 | H6: M1016 Vulnerability Scanning; M1035 Limit Access to Resource Over Network; M1037 Filter Network Traffic; M1030 Network Segmentation; M1026 Privileged Account Management; M1048 Application Isolation and Sandboxing
A7: T1505 | B7: Server Software Component | C7: persistence | D7: 32 | E7: APT28, APT29, Sandworm Team, Volt Typhoon | F7: 3 | G7: R-04 | H7: M1038 Execution Prevention; M1045 Code Signing; M1046 Boot Integrity; M1018 User Account Management; M1026 Privileged Account Management; M1024 Restrict Registry Permissions
A8: T1041 | B8: Exfiltration Over C2 Channel | C8: exfiltration | D8: 27 | E8: Sandworm Team, Lazarus Group, Scattered Spider, Wizard Spider | F8: 3 | G8: R-06 | H8: M1031 Network Intrusion Prevention; M1057 Data Loss Prevention
A9: T1552 | B9: Unsecured Credentials | C9: credential-access | D9: 23 | E9: Scattered Spider, Wizard Spider, Volt Typhoon, ShinyHunters | F9: 3 | G9: R-10 | H9: M1035 Limit Access to Resource Over Network; M1037 Filter Network Traffic; M1017 User Training; M1028 Operating System Configuration; M1030 Network Segmentation; M1027 Password Policies
A10: T1068 | B10: Exploitation for Privilege Escalation | C10: privilege-escalation | D10: 22 | E10: APT28, APT29, Scattered Spider, FIN6 | F10: 3 | G10: R-11 | H10: M1038 Execution Prevention; M1019 Threat Intelligence Program; M1048 Application Isolation and Sandboxing; M1050 Exploit Protection; M1051 Update Software
A11: T1114 | B11: Email Collection | C11: collection | D11: 22 | E11: APT28, APT29, Scattered Spider, HAFNIUM | F11: 3 | G11: R-13 | H11: M1060 Out-of-Band Communications Channel; M1032 Multi-factor Authentication; M1047 Audit; M1042 Disable or Remove Feature or Program; M1041 Encrypt Sensitive Information
A12: T1486 | B12: Data Encrypted for Impact | C12: impact | D12: 19 | E12: Sandworm Team, FIN7, Scattered Spider, FIN8 | F12: 2 | G12: R-09 | H12: M1053 Data Backup; M1040 Behavior Prevention on Endpoint
A13: T1213 | B13: Data from Information Repositories | C13: collection | D13: 15 | E13: APT28, Sandworm Team, Scattered Spider, FIN6 | F13: 2 | G13: R-05 | H13: M1017 User Training; M1060 Out-of-Band Communications Channel; M1018 User Account Management; M1032 Multi-factor Authentication; M1054 Software Configuration; M1047 Audit
... A15: T1498 | B15: Network Denial of Service | C15: impact | D15: 1 | E15: APT28 | F15: 1 | G15: R-15 | H15: M1037 Filter Network Traffic
A17: Методика
A18: Вероятност (P): брой APT групи в MITRE ATT&CK (enterprise-attack, данни от репото mitre-attack/attack-stix-data), които използват техниката, включително под-техниките. Праг: ≥60 групи → 5; 40–59 → 4; 20–39 → 3; 8–19 → 2; <8 → 1.
A19: Въздействие (I): „колкото по-навътре е техниката, толкова по-високо е въздействието“. Слоеве: L1 краен потребител (оценка 2–3); L2 периметър/идентичност/мрежа (3–4); L3 вътрешност на DC (4); L4 данни и копия (5). Оценката е най-високото измежду слоя и четирите измерения от лист „Скали“.
A20: Третиране: колоната „Планиран контрол“ използва ATT&CK Mitigations (M-кодове) за съответната техника, а Annex A кодовете са по ISO/IEC 27001:2022.
A21: Ограничение: бройката групи показва колко разпространена е техниката, а не конкретната експозиция на фирмата. Затова P е базова оценка и се преглежда при промяна на архитектурата.
A22: Допускания (не са в сценария): електронна поща (A-13), резервни копия в същия DC (A-11), една ключова админ позиция (A-14). Проверете ги със задачата на курса.

Sheet Heat Map
A1: Първоначален риск (P × I)
A2: Вероятност ↓ / Въздействие → | B2: 1 | C2: 2 | D2: 3 | E2: 4 | F2: 5
A3: 5 | B3: {=_xlfn.TEXTJOIN(", ",TRUE(),IF(('Регистър на риска'!$G$2:$G$210=5)*('Регистър на риска'!$H$2:$H$210=1),'Регистър на риска'!$A$2:$A$210,""))} | C3: {=_xlfn.TEXTJOIN(", ",TRUE(),IF(('Регистър на риска'!$G$2:$G$210=5)*('Регистър на риска'!$H$2:$H$210=2),'Регистър на риска'!$A$2:$A$210,""))} | D3: {=_xlfn.TEXTJOIN(", ",TRUE(),IF(('Регистър на риска'!$G$2:$G$210=5)*('Регистър на риска'!$H$2:$H$210=3),'Регистър на риска'!$A$2:$A$210,""))} -> R-01 | E3: {=_xlfn.TEXTJOIN(", ",TRUE(),IF(('Регистър на риска'!$G$2:$G$210=5)*('Регистър на риска'!$H$2:$H$210=4),'Регистър на риска'!$A$2:$A$210,""))} -> R-02, R-07 | F3: {=_xlfn.TEXTJOIN(", ",TRUE(),IF(('Регистър на риска'!$G$2:$G$210=5)*('Регистър на риска'!$H$2:$H$210=5),'Регистър на риска'!$A$2:$A$210,""))}
A4: 4 | B4: {=_xlfn.TEXTJOIN(", ",TRUE(),IF(('Регистър на риска'!$G$2:$G$210=4)*('Регистър на риска'!$H$2:$H$210=1),'Регистър на риска'!$A$2:$A$210,""))} | C4: {=_xlfn.TEXTJOIN(", ",TRUE(),IF(('Регистър на риска'!$G$2:$G$210=4)*('Регистър на риска'!$H$2:$H$210=2),'Регистър на риска'!$A$2:$A$210,""))} | D4: {=_xlfn.TEXTJOIN(", ",TRUE(),IF(('Регистър на риска'!$G$2:$G$210=4)*('Регистър на риска'!$H$2:$H$210=3),'Регистър на риска'!$A$2:$A$210,""))} -> R-08, R-14 | E4: {=_xlfn.TEXTJOIN(", ",TRUE(),IF(('Регистър на риска'!$G$2:$G$210=4)*('Регистър на риска'!$H$2:$H$210=4),'Регистър на риска'!$A$2:$A$210,""))} -> R-03 | F4: {=_xlfn.TEXTJOIN(", ",TRUE(),IF(('Регистър на риска'!$G$2:$G$210=4)*('Регистър на риска'!$H$2:$H$210=5),'Регистър на риска'!$A$2:$A$210,""))}
A5: 3 | B5: {=_xlfn.TEXTJOIN(", ",TRUE(),IF(('Регистър на риска'!$G$2:$G$210=3)*('Регистър на риска'!$H$2:$H$210=1),'Регистър на риска'!$A$2:$A$210,""))} | C5: {=_xlfn.TEXTJOIN(", ",TRUE(),IF(('Регистър на риска'!$G$2:$G$210=3)*('Регистър на риска'!$H$2:$H$210=2),'Регистър на риска'!$A$2:$A$210,""))} | D5: {=_xlfn.TEXTJOIN(", ",TRUE(),IF(('Регистър на риска'!$G$2:$G$210=3)*('Регистър на риска'!$H$2:$H$210=3),'Регистър на риска'!$A$2:$A$210,""))} -> R-13 | E5: {=_xlfn.TEXTJOIN(", ",TRUE(),IF(('Регистър на риска'!$G$2:$G$210=3)*('Регистър на риска'!$H$2:$H$210=4),'Регистър на риска'!$A$2:$A$210,""))} -> R-04, R-11 | F5: {=_xlfn.TEXTJOIN(", ",TRUE(),IF(('Регистър на риска'!$G$2:$G$210=3)*('Регистър на риска'!$H$2:$H$210=5),'Регистър на риска'!$A$2:$A$210,""))} -> R-06, R-10
A6: 2 | B6: {=_xlfn.TEXTJOIN(", ",TRUE(),IF(('Регистър на риска'!$G$2:$G$210=2)*('Регистър на риска'!$H$2:$H$210=1),'Регистър на риска'!$A$2:$A$210,""))} | C6: {=_xlfn.TEXTJOIN(", ",TRUE(),IF(('Регистър на риска'!$G$2:$G$210=2)*('Регистър на риска'!$H$2:$H$210=2),'Регистър на риска'!$A$2:$A$210,""))} | D6: {=_xlfn.TEXTJOIN(", ",TRUE(),IF(('Регистър на риска'!$G$2:$G$210=2)*('Регистър на риска'!$H$2:$H$210=3),'Регистър на риска'!$A$2:$A$210,""))} | E6: {=_xlfn.TEXTJOIN(", ",TRUE(),IF(('Регистър на риска'!$G$2:$G$210=2)*('Регистър на риска'!$H$2:$H$210=4),'Регистър на риска'!$A$2:$A$210,""))} -> R-12 | F6: {=_xlfn.TEXTJOIN(", ",TRUE(),IF(('Регистър на риска'!$G$2:$G$210=2)*('Регистър на риска'!$H$2:$H$210=5),'Регистър на риска'!$A$2:$A$210,""))} -> R-05, R-09
A7: 1 | B7: {=_xlfn.TEXTJOIN(", ",TRUE(),IF(('Регистър на риска'!$G$2:$G$210=1)*('Регистър на риска'!$H$2:$H$210=1),'Регистър на риска'!$A$2:$A$210,""))} | C7: {=_xlfn.TEXTJOIN(", ",TRUE(),IF(('Регистър на риска'!$G$2:$G$210=1)*('Регистър на риска'!$H$2:$H$210=2),'Регистър на риска'!$A$2:$A$210,""))} | D7: {=_xlfn.TEXTJOIN(", ",TRUE(),IF(('Регистър на риска'!$G$2:$G$210=1)*('Регистър на риска'!$H$2:$H$210=3),'Регистър на риска'!$A$2:$A$210,""))} -> R-15 | E7: {=_xlfn.TEXTJOIN(", ",TRUE(),IF(('Регистър на риска'!$G$2:$G$210=1)*('Регистър на риска'!$H$2:$H$210=4),'Регистър на риска'!$A$2:$A$210,""))} | F7: {=_xlfn.TEXTJOIN(", ",TRUE(),IF(('Регистър на риска'!$G$2:$G$210=1)*('Регистър на риска'!$H$2:$H$210=5),'Регистър на риска'!$A$2:$A$210,""))}
A10: Остатъчен риск след третиране
A11: Вероятност ↓ / Въздействие → | B11: 1 | C11: 2 | D11: 3 | E11: 4 | F11: 5
A12: 5 | B12: {=_xlfn.TEXTJOIN(", ",TRUE(),IF(('Регистър на риска'!$P$2:$P$210=5)*('Регистър на риска'!$Q$2:$Q$210=1),'Регистър на риска'!$A$2:$A$210,""))} | C12: {=_xlfn.TEXTJOIN(", ",TRUE(),IF(('Регистър на риска'!$P$2:$P$210=5)*('Регистър на риска'!$Q$2:$Q$210=2),'Регистър на риска'!$A$2:$A$210,""))} | D12: {=_xlfn.TEXTJOIN(", ",TRUE(),IF(('Регистър на риска'!$P$2:$P$210=5)*('Регистър на риска'!$Q$2:$Q$210=3),'Регистър на риска'!$A$2:$A$210,""))} | E12: {=_xlfn.TEXTJOIN(", ",TRUE(),IF(('Регистър на риска'!$P$2:$P$210=5)*('Регистър на риска'!$Q$2:$Q$210=4),'Регистър на риска'!$A$2:$A$210,""))} | F12: {=_xlfn.TEXTJOIN(", ",TRUE(),IF(('Регистър на риска'!$P$2:$P$210=5)*('Регистър на риска'!$Q$2:$Q$210=5),'Регистър на риска'!$A$2:$A$210,""))}
A13: 4 | B13: {=_xlfn.TEXTJOIN(", ",TRUE(),IF(('Регистър на риска'!$P$2:$P$210=4)*('Регистър на риска'!$Q$2:$Q$210=1),'Регистър на риска'!$A$2:$A$210,""))} | C13: {=_xlfn.TEXTJOIN(", ",TRUE(),IF(('Регистър на риска'!$P$2:$P$210=4)*('Регистър на риска'!$Q$2:$Q$210=2),'Регистър на риска'!$A$2:$A$210,""))} | D13: {=_xlfn.TEXTJOIN(", ",TRUE(),IF(('Регистър на риска'!$P$2:$P$210=4)*('Регистър на риска'!$Q$2:$Q$210=3),'Регистър на риска'!$A$2:$A$210,""))} | E13: {=_xlfn.TEXTJOIN(", ",TRUE(),IF(('Регистър на риска'!$P$2:$P$210=4)*('Регистър на риска'!$Q$2:$Q$210=4),'Регистър на риска'!$A$2:$A$210,""))} | F13: {=_xlfn.TEXTJOIN(", ",TRUE(),IF(('Регистър на риска'!$P$2:$P$210=4)*('Регистър на риска'!$Q$2:$Q$210=5),'Регистър на риска'!$A$2:$A$210,""))}
A14: 3 | B14: {=_xlfn.TEXTJOIN(", ",TRUE(),IF(('Регистър на риска'!$P$2:$P$210=3)*('Регистър на риска'!$Q$2:$Q$210=1),'Регистър на риска'!$A$2:$A$210,""))} | C14: {=_xlfn.TEXTJOIN(", ",TRUE(),IF(('Регистър на риска'!$P$2:$P$210=3)*('Регистър на риска'!$Q$2:$Q$210=2),'Регистър на риска'!$A$2:$A$210,""))} | D14: {=_xlfn.TEXTJOIN(", ",TRUE(),IF(('Регистър на риска'!$P$2:$P$210=3)*('Регистър на риска'!$Q$2:$Q$210=3),'Регистър на риска'!$A$2:$A$210,""))} -> R-01, R-13 | E14: {=_xlfn.TEXTJOIN(", ",TRUE(),IF(('Регистър на риска'!$P$2:$P$210=3)*('Регистър на риска'!$Q$2:$Q$210=4),'Регистър на риска'!$A$2:$A$210,""))} | F14: {=_xlfn.TEXTJOIN(", ",TRUE(),IF(('Регистър на риска'!$P$2:$P$210=3)*('Регистър на риска'!$Q$2:$Q$210=5),'Регистър на риска'!$A$2:$A$210,""))}
A15: 2 | B15: {=_xlfn.TEXTJOIN(", ",TRUE(),IF(('Регистър на риска'!$P$2:$P$210=2)*('Регистър на риска'!$Q$2:$Q$210=1),'Регистър на риска'!$A$2:$A$210,""))} | C15: {=_xlfn.TEXTJOIN(", ",TRUE(),IF(('Регистър на риска'!$P$2:$P$210=2)*('Регистър на риска'!$Q$2:$Q$210=2),'Регистър на риска'!$A$2:$A$210,""))} | D15: {=_xlfn.TEXTJOIN(", ",TRUE(),IF(('Регистър на риска'!$P$2:$P$210=2)*('Регистър на риска'!$Q$2:$Q$210=3),'Регистър на риска'!$A$2:$A$210,""))} -> R-08, R-09, R-14 | E15: {=_xlfn.TEXTJOIN(", ",TRUE(),IF(('Регистър на риска'!$P$2:$P$210=2)*('Регистър на риска'!$Q$2:$Q$210=4),'Регистър на риска'!$A$2:$A$210,""))} -> R-02, R-03, R-04, R-05, R-06, R-07, R-10, R-11 | F15: {=_xlfn.TEXTJOIN(", ",TRUE(),IF(('Регистър на риска'!$P$2:$P$210=2)*('Регистър на риска'!$Q$2:$Q$210=5),'Регистър на риска'!$A$2:$A$210,""))}
A16: 1 | B16: {=_xlfn.TEXTJOIN(", ",TRUE(),IF(('Регистър на риска'!$P$2:$P$210=1)*('Регистър на риска'!$Q$2:$Q$210=1),'Регистър на риска'!$A$2:$A$210,""))} | C16: {=_xlfn.TEXTJOIN(", ",TRUE(),IF(('Регистър на риска'!$P$2:$P$210=1)*('Регистър на риска'!$Q$2:$Q$210=2),'Регистър на риска'!$A$2:$A$210,""))} | D16: {=_xlfn.TEXTJOIN(", ",TRUE(),IF(('Регистър на риска'!$P$2:$P$210=1)*('Регистър на риска'!$Q$2:$Q$210=3),'Регистър на риска'!$A$2:$A$210,""))} -> R-15 | E16: {=_xlfn.TEXTJOIN(", ",TRUE(),IF(('Регистър на риска'!$P$2:$P$210=1)*('Регистър на риска'!$Q$2:$Q$210=4),'Регистър на риска'!$A$2:$A$210,""))} -> R-12 | F16: {=_xlfn.TEXTJOIN(", ",TRUE(),IF(('Регистър на риска'!$P$2:$P$210=1)*('Регистър на риска'!$Q$2:$Q$210=5),'Регистър на риска'!$A$2:$A$210,""))}
